<?xml version="1.0" encoding="UTF-8"?>
<project-private xmlns="http://www.netbeans.org/ns/project-private/1">
    <editor-bookmarks xmlns="http://www.netbeans.org/ns/editor-bookmarks/2" lastBookmarkId="0"/>
    <open-files xmlns="http://www.netbeans.org/ns/projectui-open-files/2">
        <group>
            <file>file:/C:/Users/austi/Documents/NetBeansProjects/Software2/src/DAO/AppointmentQuery.java</file>
            <file>file:/C:/Users/austi/Documents/NetBeansProjects/Software2/src/model/Software2.java</file>
            <file>file:/C:/Users/austi/Documents/NetBeansProjects/Software2/src/controller/UpdateCustomerController.java</file>
            <file>file:/C:/Users/austi/Documents/NetBeansProjects/Software2/src/controller/LoginFormController.java</file>
            <file>file:/C:/Users/austi/Documents/NetBeansProjects/Software2/src/Utils/JDBC.java</file>
            <file>file:/C:/Users/austi/Documents/NetBeansProjects/Software2/src/controller/LandingHubController.java</file>
            <file>file:/C:/Users/austi/Documents/NetBeansProjects/Software2/src/controller/UpdateAppointmentController.java</file>
            <file>file:/C:/Users/austi/Documents/NetBeansProjects/Software2/src/model/Customer.java</file>
            <file>file:/C:/Users/austi/Documents/NetBeansProjects/Software2/src/DAO/CustomerQuery.java</file>
        </group>
    </open-files>
</project-private>
